pos,aoa_min (deg),aoa_max (deg)
0.0,0,0
0.022222765,0,0
0.066666667,0,0
0.111110569,0,0
0.166666667,-3.075,9
0.233333334,-1.366,11
0.3,-1.366,11
0.366666667,-2.125,9
0.433333334,-3.36567,9
0.5,-3.36567,9
0.566666667,-4.125,8
0.633333333,-4.125,8
0.7,-3.838,9.5
0.766666666,-3.838,9.5
0.833333333,-3.838,9.5
0.888889431,-3.838,9.5
0.933333333,-3.838,9.5
0.977777236,-3.838,9.5
1.0,-3.838,9.5
